User_id,first_seen,last_seen,total_events,is_converter,purchases,first_purchase,last_purchase,total_quantity,total_revenue,median_rate,days_active,events_per_day_active,has_purchased_ever,recency_days,frequency_purchases,events_before_first_purchase,days_to_first_purchase,events_in_7d_before_first_purchase,events_in_14d_before_first_purchase,events_in_30d_before_first_purchase,R_quartile,F_quartile,RF_segment
51443820326,2019-05-11 13:37:00,2019-05-11 14:05:00,3,0,,,,,,,0,3.0,0,,0.0,3,,,,,,1,
51448162784,2019-01-11 10:33:00,2019-12-12 19:22:00,13,1,2.0,2019-06-11 13:23:00,2019-12-12 19:22:00,3.0,21500.0,5750.0,335,0.03880597014925373,1,9.0,2.0,10,151.0,5.0,5.0,5.0,4,2,42
51455512201,2019-09-10 10:00:00,2019-10-19 19:12:00,10,1,1.0,2019-10-19 19:12:00,2019-10-19 19:12:00,2.0,10000.0,5000.0,39,0.2564102564102564,1,63.0,1.0,9,39.0,5.0,5.0,5.0,3,1,31
51462598385,2019-05-12 12:20:00,2019-12-20 21:15:00,16,1,2.0,2019-10-20 17:30:00,2019-12-15 19:03:00,2.0,550.0,275.0,222,0.07207207207207207,1,6.0,2.0,9,161.0,5.0,5.0,5.0,4,2,42
51463622150,2019-10-13 19:18:00,2019-11-12 21:27:00,16,1,2.0,2019-10-14 21:44:00,2019-11-12 21:27:00,8.0,950.0,125.0,30,0.5333333333333333,1,39.0,2.0,7,1.0,7.0,7.0,7.0,4,2,42
51465529647,2019-02-05 12:22:00,2019-12-12 21:15:00,10,1,2.0,2019-12-05 19:30:00,2019-12-12 21:15:00,5.0,15500.0,3250.0,310,0.03225806451612903,1,9.0,2.0,7,303.0,1.0,1.0,1.0,4,2,42
51468519074,2019-03-11 15:00:00,2019-11-13 12:00:00,8,1,1.0,2019-03-11 15:37:00,2019-03-11 15:37:00,5.0,2500.0,500.0,246,0.032520325203252036,1,286.0,1.0,6,0.0,6.0,6.0,6.0,1,1,11
51472029210,2019-06-11 14:09:00,2019-10-22 11:03:00,6,1,1.0,2019-06-11 14:12:00,2019-06-11 14:12:00,2.0,24400.0,12200.0,132,0.045454545454545456,1,194.0,1.0,1,0.0,1.0,1.0,1.0,1,1,11
51475146821,2019-04-11 22:03:00,2019-04-11 22:26:00,4,0,,,,,,,0,4.0,0,,0.0,4,,,,,,1,
51477448981,2019-02-11 15:08:00,2019-11-15 19:10:00,12,1,1.0,2019-11-15 19:10:00,2019-11-15 19:10:00,2.0,40000.0,20000.0,277,0.04332129963898917,1,36.0,1.0,11,277.0,2.0,2.0,2.0,4,1,41
51480378215,2019-04-09 12:30:00,2019-10-24 21:26:00,12,1,2.0,2019-04-09 17:24:00,2019-10-24 21:18:00,3.0,10500.0,2750.0,198,0.06060606060606061,1,58.0,2.0,8,0.0,8.0,8.0,8.0,3,2,32
51481443687,2019-04-11 23:35:00,2019-08-20 21:30:00,12,1,2.0,2019-05-11 13:23:00,2019-08-16 11:27:00,17.0,4250.0,250.0,130,0.09230769230769231,1,128.0,2.0,4,29.0,0.0,0.0,4.0,2,2,22
51486113570,2019-08-10 17:22:00,2019-08-10 19:08:00,8,1,1.0,2019-08-10 19:08:00,2019-08-10 19:08:00,3.0,2700.0,900.0,0,8.0,1,133.0,1.0,7,0.0,7.0,7.0,7.0,2,1,21
51508416101,2019-04-11 17:50:00,2019-04-11 18:19:00,5,1,1.0,2019-04-11 18:19:00,2019-04-11 18:19:00,3.0,750.0,250.0,0,5.0,1,254.0,1.0,4,0.0,4.0,4.0,4.0,1,1,11
51512259423,2019-10-28 15:23:00,2019-10-28 15:25:00,2,0,,,,,,,0,2.0,0,,0.0,2,,,,,,1,
51517997197,2019-06-07 16:11:00,2019-10-22 18:12:00,18,1,2.0,2019-07-18 18:27:00,2019-10-22 18:12:00,6.0,12000.0,4000.0,137,0.13138686131386862,1,60.0,2.0,5,41.0,2.0,2.0,2.0,3,2,32
51520340170,2019-02-11 14:43:00,2019-02-11 15:00:00,3,0,,,,,,,0,3.0,0,,0.0,3,,,,,,1,
51526464449,2019-09-13 11:11:00,2019-10-31 17:11:00,22,1,2.0,2019-09-25 14:38:00,2019-10-28 18:23:00,2.0,65000.0,32500.0,48,0.4583333333333333,1,54.0,2.0,8,12.0,1.0,8.0,8.0,3,2,32
51535548031,2019-10-17 13:00:00,2019-10-17 13:08:00,3,0,,,,,,,0,3.0,0,,0.0,3,,,,,,1,
51544071846,2019-10-14 17:18:00,2019-10-15 15:13:00,6,1,1.0,2019-10-15 15:13:00,2019-10-15 15:13:00,5.0,1000.0,200.0,0,6.0,1,68.0,1.0,5,0.0,5.0,5.0,5.0,3,1,31
51558926605,2019-10-22 13:14:00,2019-10-22 13:35:00,5,1,1.0,2019-10-22 13:35:00,2019-10-22 13:35:00,2.0,3000.0,1500.0,0,5.0,1,61.0,1.0,4,0.0,4.0,4.0,4.0,3,1,31
51559049343,2019-08-10 21:45:00,2019-08-10 21:45:00,1,0,,,,,,,0,1.0,0,,0.0,1,,,,,,1,
51559552625,2019-06-10 17:10:00,2019-06-10 17:24:00,3,0,,,,,,,0,3.0,0,,0.0,3,,,,,,1,
51560282867,2019-05-10 12:00:00,2019-06-10 12:25:00,6,1,1.0,2019-06-10 12:25:00,2019-06-10 12:25:00,7.0,700.0,100.0,31,0.1935483870967742,1,195.0,1.0,5,31.0,0.0,0.0,0.0,1,1,11
51563947377,2019-10-15 23:18:00,2019-10-15 23:18:00,1,0,,,,,,,0,1.0,0,,0.0,1,,,,,,1,
51565158157,2019-06-11 14:53:00,2019-10-28 19:26:00,24,1,3.0,2019-06-18 11:17:00,2019-10-11 13:40:00,10.0,74000.0,10000.0,139,0.17266187050359713,1,72.0,3.0,10,6.0,10.0,10.0,10.0,2,2,22
51572478237,2019-03-11 14:11:00,2019-03-11 14:52:00,6,0,,,,,,,0,6.0,0,,0.0,6,,,,,,1,
51574504569,2019-01-11 10:39:00,2019-01-11 11:14:00,6,0,,,,,,,0,6.0,0,,0.0,6,,,,,,1,
51576830037,2019-02-11 15:16:00,2019-02-11 15:37:00,4,0,,,,,,,0,4.0,0,,0.0,4,,,,,,1,
51585704576,2019-01-11 10:30:00,2019-03-11 19:51:00,3,1,1.0,2019-01-11 10:30:00,2019-01-11 10:30:00,2.0,2000.0,1000.0,59,0.05084745762711865,1,345.0,1.0,0,0.0,0.0,0.0,0.0,1,1,11
51589427926,2019-04-03 11:00:00,2019-10-23 20:23:00,16,1,2.0,2019-04-03 11:17:00,2019-10-23 20:23:00,7.0,1750.0,250.0,203,0.07881773399014778,1,59.0,2.0,4,0.0,4.0,4.0,4.0,3,2,32
51590616683,2019-04-11 20:53:00,2019-04-11 21:17:00,4,0,,,,,,,0,4.0,0,,0.0,4,,,,,,1,
51591878847,2019-10-10 21:11:00,2019-10-10 21:11:00,1,0,,,,,,,0,1.0,0,,0.0,1,,,,,,1,
51592642763,2019-03-11 13:42:00,2019-04-30 13:02:00,11,1,2.0,2019-03-11 13:49:00,2019-04-30 13:02:00,3.0,20000.0,7500.0,49,0.22448979591836735,1,236.0,2.0,5,0.0,5.0,5.0,5.0,1,2,12
51594471927,2019-11-10 11:18:00,2019-11-10 11:30:00,4,0,,,,,,,0,4.0,0,,0.0,4,,,,,,1,
51596197877,2019-04-11 11:07:00,2019-10-24 11:40:00,14,1,2.0,2019-04-11 13:52:00,2019-10-24 11:40:00,7.0,2000.0,350.0,196,0.07142857142857142,1,59.0,2.0,7,0.0,7.0,7.0,7.0,3,2,32
51597745082,2019-04-11 17:33:00,2019-04-11 17:48:00,3,0,,,,,,,0,3.0,0,,0.0,3,,,,,,1,
51607023962,2019-10-21 23:14:00,2019-10-21 23:17:00,2,0,,,,,,,0,2.0,0,,0.0,2,,,,,,1,
51613127728,2019-10-23 23:50:00,2019-10-23 23:59:00,3,0,,,,,,,0,3.0,0,,0.0,3,,,,,,1,
51613167885,2019-01-10 22:12:00,2019-10-31 15:28:00,16,1,1.0,2019-10-31 15:28:00,2019-10-31 15:28:00,3.0,60000.0,20000.0,293,0.05460750853242321,1,52.0,1.0,15,293.0,4.0,4.0,4.0,3,1,31
51616505593,2019-02-10 19:23:00,2019-02-10 19:42:00,4,0,,,,,,,0,4.0,0,,0.0,4,,,,,,1,
51624877138,2019-06-19 14:08:00,2019-10-14 13:15:00,10,1,1.0,2019-06-19 14:25:00,2019-06-19 14:25:00,2.0,4000.0,2000.0,116,0.08620689655172414,1,186.0,1.0,5,0.0,5.0,5.0,5.0,1,1,11
51626168971,2019-01-10 19:00:00,2019-10-21 17:14:00,12,1,1.0,2019-10-21 17:14:00,2019-10-21 17:14:00,1.0,45000.0,45000.0,283,0.04240282685512368,1,62.0,1.0,11,283.0,7.0,7.0,7.0,3,1,31
51629142904,2019-01-10 15:00:00,2019-09-03 18:10:00,16,1,2.0,2019-01-10 21:08:00,2019-09-03 18:10:00,7.0,5500.0,1150.0,236,0.06779661016949153,1,109.0,2.0,7,0.0,7.0,7.0,7.0,2,2,22
51632985791,2019-09-10 11:04:00,2019-09-10 11:14:00,3,0,,,,,,,0,3.0,0,,0.0,3,,,,,,1,
51633993644,2019-10-17 23:22:00,2019-10-17 23:34:00,4,0,,,,,,,0,4.0,0,,0.0,4,,,,,,1,
51637676508,2019-03-11 11:09:00,2019-03-11 14:34:00,10,1,1.0,2019-03-11 14:34:00,2019-03-11 14:34:00,1.0,15000.0,15000.0,0,10.0,1,286.0,1.0,9,0.0,9.0,9.0,9.0,1,1,11
51639618110,2019-07-10 17:18:00,2019-07-10 17:23:00,3,0,,,,,,,0,3.0,0,,0.0,3,,,,,,1,
51645696004,2019-07-10 11:24:00,2019-10-21 18:09:00,14,1,1.0,2019-10-21 18:09:00,2019-10-21 18:09:00,3.0,3000.0,1000.0,103,0.13592233009708737,1,61.0,1.0,13,103.0,9.0,9.0,9.0,3,1,31
51646469395,2019-12-11 19:14:00,2019-12-11 19:14:00,1,0,,,,,,,0,1.0,0,,0.0,1,,,,,,1,
51649462163,2019-10-17 12:00:00,2019-10-17 12:34:00,4,0,,,,,,,0,4.0,0,,0.0,4,,,,,,1,
51658664493,2019-10-24 22:10:00,2019-10-24 22:43:00,6,0,,,,,,,0,6.0,0,,0.0,6,,,,,,1,
51660154036,2019-10-22 13:45:00,2019-10-22 13:45:00,1,0,,,,,,,0,1.0,0,,0.0,1,,,,,,1,
51663160423,2019-10-20 14:25:00,2019-10-30 14:43:00,3,0,,,,,,,10,0.3,0,,0.0,3,,,,,,1,
51666541383,2019-03-11 14:00:00,2019-03-11 14:10:00,3,0,,,,,,,0,3.0,0,,0.0,3,,,,,,1,
51666673751,2019-05-11 14:18:00,2019-05-11 14:46:00,3,0,,,,,,,0,3.0,0,,0.0,3,,,,,,1,
51672425707,2019-02-11 14:41:00,2019-02-11 14:59:00,3,0,,,,,,,0,3.0,0,,0.0,3,,,,,,1,
51676463689,2019-05-27 11:12:00,2019-10-10 17:47:00,16,1,2.0,2019-05-27 11:45:00,2019-10-10 17:47:00,13.0,5000.0,600.0,136,0.11764705882352941,1,73.0,2.0,6,0.0,6.0,6.0,6.0,2,2,22
51677518852,2019-03-11 14:53:00,2019-03-11 14:58:00,4,0,,,,,,,0,4.0,0,,0.0,4,,,,,,1,
51687659448,2019-10-31 17:00:00,2019-10-31 17:44:00,5,0,,,,,,,0,5.0,0,,0.0,5,,,,,,1,
51692749291,2019-10-14 14:00:00,2019-10-14 14:30:00,6,1,1.0,2019-10-14 14:30:00,2019-10-14 14:30:00,1.0,2500.0,2500.0,0,6.0,1,69.0,1.0,5,0.0,5.0,5.0,5.0,3,1,31
51692946248,2019-03-11 14:59:00,2019-03-11 15:03:00,3,1,1.0,2019-03-11 15:03:00,2019-03-11 15:03:00,2.0,3000.0,1500.0,0,3.0,1,286.0,1.0,2,0.0,2.0,2.0,2.0,1,1,11
51701618886,2019-02-11 14:51:00,2019-02-11 14:59:00,3,0,,,,,,,0,3.0,0,,0.0,3,,,,,,1,
51714485793,2019-07-11 15:10:00,2019-07-11 15:49:00,5,1,1.0,2019-07-11 15:49:00,2019-07-11 15:49:00,1.0,1250.0,1250.0,0,5.0,1,164.0,1.0,4,0.0,4.0,4.0,4.0,2,1,21
51719048333,2019-08-23 17:09:00,2019-10-29 23:18:00,5,0,,,,,,,67,0.07462686567164178,0,,0.0,5,,,,,,1,
51720194122,2019-10-20 10:16:00,2019-10-20 10:16:00,1,0,,,,,,,0,1.0,0,,0.0,1,,,,,,1,
51720357111,2019-10-28 17:00:00,2019-10-28 17:16:00,5,1,1.0,2019-10-28 17:16:00,2019-10-28 17:16:00,4.0,2800.0,700.0,0,5.0,1,55.0,1.0,4,0.0,4.0,4.0,4.0,3,1,31
51723980162,2019-03-11 15:10:00,2019-03-11 15:13:00,3,1,1.0,2019-03-11 15:13:00,2019-03-11 15:13:00,1.0,8000.0,8000.0,0,3.0,1,286.0,1.0,2,0.0,2.0,2.0,2.0,1,1,11
51725305614,2019-01-01 11:00:00,2019-11-28 21:26:00,23,1,2.0,2019-08-01 22:03:00,2019-11-28 21:26:00,7.0,4750.0,625.0,331,0.06948640483383686,1,23.0,2.0,17,212.0,0.0,0.0,0.0,4,2,42
51728632725,2019-10-18 19:18:00,2019-10-18 19:27:00,4,0,,,,,,,0,4.0,0,,0.0,4,,,,,,1,
51732222836,2019-02-11 15:11:00,2019-02-11 15:11:00,1,0,,,,,,,0,1.0,0,,0.0,1,,,,,,1,
51743891883,2019-02-11 12:57:00,2019-02-11 13:36:00,6,0,,,,,,,0,6.0,0,,0.0,6,,,,,,1,
51746374740,2019-10-11 15:50:00,2019-10-11 15:54:00,2,1,1.0,2019-10-11 15:54:00,2019-10-11 15:54:00,1.0,1800.0,1800.0,0,2.0,1,72.0,1.0,1,0.0,1.0,1.0,1.0,2,1,21
51762528321,2019-02-11 15:11:00,2019-02-11 15:43:00,5,0,,,,,,,0,5.0,0,,0.0,5,,,,,,1,
51767314403,2019-10-22 19:14:00,2019-10-22 19:15:00,2,0,,,,,,,0,2.0,0,,0.0,2,,,,,,1,
51768712908,2019-01-13 13:04:00,2019-10-30 14:22:00,13,1,1.0,2019-01-23 21:10:00,2019-01-23 21:10:00,4.0,2800.0,700.0,290,0.04482758620689655,1,332.0,1.0,9,10.0,1.0,9.0,9.0,1,1,11
51777317807,2019-10-21 12:00:00,2019-10-21 12:20:00,4,1,1.0,2019-10-21 12:20:00,2019-10-21 12:20:00,2.0,4500.0,2250.0,0,4.0,1,62.0,1.0,3,0.0,3.0,3.0,3.0,3,1,31
51777661967,2019-12-10 14:10:00,2019-12-10 14:18:00,2,0,,,,,,,0,2.0,0,,0.0,2,,,,,,1,
51784286337,2019-10-14 11:04:00,2019-10-14 11:14:00,3,0,,,,,,,0,3.0,0,,0.0,3,,,,,,1,
51786146119,2019-06-10 18:10:00,2019-07-10 20:26:00,11,1,1.0,2019-07-10 20:26:00,2019-07-10 20:26:00,2.0,500.0,250.0,30,0.36666666666666664,1,164.0,1.0,10,30.0,1.0,1.0,5.0,2,1,21
51791819800,2019-10-02 17:00:35,2019-10-02 17:00:35,1,0,,,,,,,0,1.0,0,,0.0,1,,,,,,1,
51795247161,2019-03-10 23:30:00,2019-03-10 23:55:00,4,1,1.0,2019-03-10 23:55:00,2019-03-10 23:55:00,2.0,30000.0,15000.0,0,4.0,1,286.0,1.0,3,0.0,3.0,3.0,3.0,1,1,11
51804424828,2019-10-16 19:00:00,2019-10-16 19:17:00,4,0,,,,,,,0,4.0,0,,0.0,4,,,,,,1,
51805850313,2019-10-13 21:45:00,2019-10-13 22:02:00,5,0,,,,,,,0,5.0,0,,0.0,5,,,,,,1,
51809677865,2019-10-24 17:16:00,2019-10-24 17:23:00,5,0,,,,,,,0,5.0,0,,0.0,5,,,,,,1,
51814420266,2019-10-20 19:00:00,2019-10-20 19:17:00,4,0,,,,,,,0,4.0,0,,0.0,4,,,,,,1,
51815411608,2019-10-20 10:20:00,2019-10-20 10:26:00,2,0,,,,,,,0,2.0,0,,0.0,2,,,,,,1,
51816608418,2019-09-10 13:00:00,2019-09-10 13:15:00,4,0,,,,,,,0,4.0,0,,0.0,4,,,,,,1,
51819961569,2019-03-11 14:44:00,2019-03-11 15:11:00,5,0,,,,,,,0,5.0,0,,0.0,5,,,,,,1,
51821460103,2019-12-10 18:15:00,2019-12-10 18:25:00,4,1,1.0,2019-12-10 18:25:00,2019-12-10 18:25:00,4.0,6000.0,1500.0,0,4.0,1,11.0,1.0,3,0.0,3.0,3.0,3.0,4,1,41
51822615834,2019-10-27 19:00:00,2019-10-27 19:17:00,4,0,,,,,,,0,4.0,0,,0.0,4,,,,,,1,
51826884161,2019-02-11 14:49:00,2019-02-11 15:11:00,4,0,,,,,,,0,4.0,0,,0.0,4,,,,,,1,
51829322973,2019-03-11 15:05:00,2019-03-11 15:08:00,3,1,1.0,2019-03-11 15:06:00,2019-03-11 15:06:00,1.0,7000.0,7000.0,0,3.0,1,286.0,1.0,1,0.0,1.0,1.0,1.0,1,1,11
51829569218,2019-02-10 19:00:00,2019-02-10 19:07:00,3,0,,,,,,,0,3.0,0,,0.0,3,,,,,,1,
51832237276,2019-10-16 10:20:00,2019-10-16 10:22:00,2,0,,,,,,,0,2.0,0,,0.0,2,,,,,,1,
51838622321,2019-10-24 17:03:00,2019-10-24 17:12:00,3,0,,,,,,,0,3.0,0,,0.0,3,,,,,,1,
51840127985,2019-02-11 14:44:00,2019-02-11 14:47:00,6,1,1.0,2019-02-11 14:46:00,2019-02-11 14:46:00,1.0,600.0,600.0,0,6.0,1,314.0,1.0,3,0.0,3.0,3.0,3.0,1,1,11
51840332148,2019-02-11 15:04:00,2019-02-11 15:06:00,4,1,1.0,2019-02-11 15:06:00,2019-02-11 15:06:00,2.0,2000.0,1000.0,0,4.0,1,314.0,1.0,3,0.0,3.0,3.0,3.0,1,1,11
51845675366,2019-12-10 23:18:00,2019-12-10 23:28:00,3,0,,,,,,,0,3.0,0,,0.0,3,,,,,,1,
51849471720,2019-03-11 13:37:00,2019-03-11 13:41:00,3,1,1.0,2019-03-11 13:41:00,2019-03-11 13:41:00,3.0,3000.0,1000.0,0,3.0,1,286.0,1.0,2,0.0,2.0,2.0,2.0,1,1,11
51859784960,2019-10-28 12:00:00,2019-10-28 12:20:00,4,0,,,,,,,0,4.0,0,,0.0,4,,,,,,1,
51863272495,2019-04-11 22:34:00,2019-04-11 22:57:00,4,0,,,,,,,0,4.0,0,,0.0,4,,,,,,1,
51863353060,2019-04-11 21:24:00,2019-04-11 21:55:00,5,1,1.0,2019-04-11 21:55:00,2019-04-11 21:55:00,3.0,2250.0,750.0,0,5.0,1,254.0,1.0,4,0.0,4.0,4.0,4.0,1,1,11
51871605199,2019-04-10 12:00:00,2019-04-10 12:40:00,5,0,,,,,,,0,5.0,0,,0.0,5,,,,,,1,
51872149089,2019-10-21 17:25:00,2019-10-21 17:30:00,4,0,,,,,,,0,4.0,0,,0.0,4,,,,,,1,
51875286469,2019-10-17 22:10:00,2019-10-17 22:29:00,7,1,1.0,2019-10-17 22:29:00,2019-10-17 22:29:00,2.0,1200.0,600.0,0,7.0,1,65.0,1.0,6,0.0,6.0,6.0,6.0,3,1,31
51876683702,2019-03-11 13:59:00,2019-03-11 14:01:00,2,0,,,,,,,0,2.0,0,,0.0,2,,,,,,1,
51883832383,2019-05-16 12:00:00,2019-10-30 19:29:00,15,1,1.0,2019-05-28 18:40:00,2019-05-28 18:40:00,1.0,30000.0,30000.0,167,0.08982035928143713,1,207.0,1.0,9,12.0,1.0,9.0,9.0,1,1,11
51888851862,2019-10-29 11:18:00,2019-10-29 11:30:00,4,1,1.0,2019-10-29 11:30:00,2019-10-29 11:30:00,10.0,1000.0,100.0,0,4.0,1,54.0,1.0,3,0.0,3.0,3.0,3.0,3,1,31
51892634497,2019-02-11 15:17:00,2019-02-11 15:19:00,4,1,1.0,2019-02-11 15:19:00,2019-02-11 15:19:00,2.0,2000.0,1000.0,0,4.0,1,314.0,1.0,3,0.0,3.0,3.0,3.0,1,1,11
51893446663,2019-10-26 17:04:00,2019-10-26 17:29:00,6,0,,,,,,,0,6.0,0,,0.0,6,,,,,,1,
51895612143,2019-10-22 19:19:00,2019-10-23 19:27:00,6,1,1.0,2019-10-23 19:27:00,2019-10-23 19:27:00,1.0,50000.0,50000.0,1,6.0,1,59.0,1.0,5,1.0,5.0,5.0,5.0,3,1,31
51902267461,2019-08-11 23:01:00,2019-08-11 23:30:00,4,0,,,,,,,0,4.0,0,,0.0,4,,,,,,1,
51911187107,2019-10-13 22:10:00,2019-10-13 22:25:00,2,0,,,,,,,0,2.0,0,,0.0,2,,,,,,1,
51919803460,2019-11-10 23:18:00,2019-11-10 23:18:00,1,0,,,,,,,0,1.0,0,,0.0,1,,,,,,1,
51932772204,2019-10-26 10:20:00,2019-10-26 10:22:00,2,1,1.0,2019-10-26 10:22:00,2019-10-26 10:22:00,2.0,2400.0,1200.0,0,2.0,1,57.0,1.0,1,0.0,1.0,1.0,1.0,3,1,31
51936108956,2019-07-11 13:38:00,2019-11-11 20:53:00,14,1,1.0,2019-07-11 20:27:00,2019-07-11 20:27:00,1.0,6000.0,6000.0,123,0.11382113821138211,1,163.0,1.0,8,0.0,8.0,8.0,8.0,2,1,21
51940324591,2019-02-08 13:00:00,2019-12-10 13:07:00,19,1,2.0,2019-04-08 19:09:00,2019-12-10 13:07:00,7.0,2500.0,550.0,305,0.06229508196721312,1,12.0,2.0,16,59.0,1.0,1.0,1.0,4,2,42
51945183373,2019-02-10 21:05:00,2019-07-03 15:30:00,20,1,2.0,2019-02-26 11:37:00,2019-04-10 18:45:00,2.0,33000.0,16500.0,142,0.14084507042253522,1,255.0,2.0,5,15.0,1.0,1.0,5.0,1,2,12
51954519023,2019-10-20 14:00:00,2019-10-20 14:12:00,3,0,,,,,,,0,3.0,0,,0.0,3,,,,,,1,
51955524783,2019-10-21 19:14:00,2019-10-21 19:19:00,3,0,,,,,,,0,3.0,0,,0.0,3,,,,,,1,
51962746412,2019-10-24 12:00:00,2019-10-24 12:14:00,3,0,,,,,,,0,3.0,0,,0.0,3,,,,,,1,
51962945277,2019-10-24 23:14:00,2019-10-24 23:20:00,3,0,,,,,,,0,3.0,0,,0.0,3,,,,,,1,
51965507652,2019-02-10 17:00:00,2019-12-10 19:25:00,10,1,1.0,2019-12-10 19:25:00,2019-12-10 19:25:00,4.0,4000.0,1000.0,303,0.033003300330033,1,11.0,1.0,9,303.0,3.0,3.0,3.0,4,1,41
51968118114,2019-10-21 15:23:00,2019-10-21 15:25:00,2,0,,,,,,,0,2.0,0,,0.0,2,,,,,,1,
51968438515,2019-10-18 17:18:00,2019-10-18 17:26:00,4,0,,,,,,,0,4.0,0,,0.0,4,,,,,,1,
51969791374,2019-08-19 17:00:00,2019-10-31 18:41:00,25,1,2.0,2019-08-19 18:36:00,2019-10-26 14:40:00,3.0,3800.0,1450.0,73,0.3424657534246575,1,57.0,2.0,11,0.0,11.0,11.0,11.0,3,2,32
51970999139,2019-10-21 21:14:00,2019-10-21 21:25:00,5,1,1.0,2019-10-21 21:25:00,2019-10-21 21:25:00,2.0,24000.0,12000.0,0,5.0,1,61.0,1.0,4,0.0,4.0,4.0,4.0,3,1,31
51978529551,2019-10-25 19:14:00,2019-10-25 19:21:00,4,1,1.0,2019-10-25 19:19:00,2019-10-25 19:19:00,1.0,25000.0,25000.0,0,4.0,1,57.0,1.0,2,0.0,2.0,2.0,2.0,3,1,31
51982480153,2019-10-13 22:18:00,2019-10-13 22:18:00,1,0,,,,,,,0,1.0,0,,0.0,1,,,,,,1,
51983921534,2019-03-11 13:58:00,2019-03-11 13:58:00,1,0,,,,,,,0,1.0,0,,0.0,1,,,,,,1,
51993965030,2019-04-11 19:52:00,2019-04-11 20:23:00,5,1,1.0,2019-04-11 20:15:00,2019-04-11 20:15:00,2.0,400.0,200.0,0,5.0,1,254.0,1.0,3,0.0,3.0,3.0,3.0,1,1,11
52002433649,2019-10-26 19:00:00,2019-10-26 19:26:00,4,0,,,,,,,0,4.0,0,,0.0,4,,,,,,1,
52005335676,2019-10-16 17:15:00,2019-10-16 17:29:00,5,1,1.0,2019-10-16 17:29:00,2019-10-16 17:29:00,4.0,4000.0,1000.0,0,5.0,1,67.0,1.0,4,0.0,4.0,4.0,4.0,3,1,31
52008466873,2019-10-15 14:10:00,2019-10-15 14:18:00,2,0,,,,,,,0,2.0,0,,0.0,2,,,,,,1,
52010733268,2019-12-20 17:10:00,2019-12-20 17:14:00,2,0,,,,,,,0,2.0,0,,0.0,2,,,,,,1,
52011317619,2019-02-10 22:00:00,2019-02-10 22:02:00,2,0,,,,,,,0,2.0,0,,0.0,2,,,,,,1,
52018010018,2019-01-10 19:00:00,2019-01-10 19:17:00,4,0,,,,,,,0,4.0,0,,0.0,4,,,,,,1,
52021442169,2019-10-10 19:18:00,2019-11-10 19:20:00,4,0,,,,,,,31,0.12903225806451613,0,,0.0,4,,,,,,1,
52022072818,2019-03-11 14:35:00,2019-03-11 14:39:00,3,0,,,,,,,0,3.0,0,,0.0,3,,,,,,1,
52028780773,2019-02-10 12:00:00,2019-02-10 12:20:00,4,0,,,,,,,0,4.0,0,,0.0,4,,,,,,1,
52055074267,2019-10-21 23:19:00,2019-10-21 23:30:00,5,1,1.0,2019-10-21 23:30:00,2019-10-21 23:30:00,1.0,1200.0,1200.0,0,5.0,1,61.0,1.0,4,0.0,4.0,4.0,4.0,3,1,31
52056666335,2019-03-04 15:43:00,2019-10-30 17:56:00,18,1,1.0,2019-05-04 21:12:00,2019-05-04 21:12:00,2.0,14000.0,7000.0,240,0.075,1,231.0,1.0,11,61.0,1.0,1.0,1.0,1,1,11
52057057298,2019-08-15 21:30:00,2019-10-15 11:26:00,4,0,,,,,,,60,0.06666666666666667,0,,0.0,4,,,,,,1,
52057059159,2019-04-11 20:30:00,2019-04-11 20:46:00,3,0,,,,,,,0,3.0,0,,0.0,3,,,,,,1,
52066176372,2019-12-11 12:46:00,2019-12-22 17:52:00,7,0,,,,,,,11,0.6363636363636364,0,,0.0,7,,,,,,1,
52070027372,2019-02-11 14:55:00,2019-02-11 15:13:00,4,0,,,,,,,0,4.0,0,,0.0,4,,,,,,1,
52076934351,2019-08-10 23:18:00,2019-08-10 23:25:00,2,0,,,,,,,0,2.0,0,,0.0,2,,,,,,1,
52085995220,2019-04-10 11:00:00,2019-04-10 11:13:00,3,0,,,,,,,0,3.0,0,,0.0,3,,,,,,1,
52090547553,2019-10-24 19:25:00,2019-10-24 19:27:00,3,1,1.0,2019-10-24 19:27:00,2019-10-24 19:27:00,2.0,1200.0,600.0,0,3.0,1,58.0,1.0,2,0.0,2.0,2.0,2.0,3,1,31
52092403180,2019-10-31 13:00:00,2019-10-31 13:08:00,3,0,,,,,,,0,3.0,0,,0.0,3,,,,,,1,
52093239888,2019-10-28 13:00:00,2019-10-28 13:08:00,3,0,,,,,,,0,3.0,0,,0.0,3,,,,,,1,
52094145973,2019-10-27 17:24:00,2019-10-27 17:29:00,4,1,1.0,2019-10-27 17:29:00,2019-10-27 17:29:00,3.0,1800.0,600.0,0,4.0,1,56.0,1.0,3,0.0,3.0,3.0,3.0,3,1,31
52101336543,2019-10-28 19:00:00,2019-10-28 19:23:00,3,0,,,,,,,0,3.0,0,,0.0,3,,,,,,1,
52101534583,2019-03-11 14:03:00,2019-03-11 14:05:00,2,0,,,,,,,0,2.0,0,,0.0,2,,,,,,1,
52112239597,2019-10-23 19:45:00,2019-10-23 19:50:00,4,1,1.0,2019-10-23 19:48:00,2019-10-23 19:48:00,1.0,40000.0,40000.0,0,4.0,1,59.0,1.0,2,0.0,2.0,2.0,2.0,3,1,31
52114046370,2019-10-31 12:00:00,2019-10-31 12:20:00,4,1,1.0,2019-10-31 12:20:00,2019-10-31 12:20:00,1.0,25000.0,25000.0,0,4.0,1,52.0,1.0,3,0.0,3.0,3.0,3.0,3,1,31
52126975137,2019-02-11 14:53:00,2019-02-11 15:14:00,4,0,,,,,,,0,4.0,0,,0.0,4,,,,,,1,
52127053360,2019-02-11 14:47:00,2019-02-11 14:49:00,5,1,1.0,2019-02-11 14:49:00,2019-02-11 14:49:00,1.0,700.0,700.0,0,5.0,1,314.0,1.0,3,0.0,3.0,3.0,3.0,1,1,11
52131345840,2019-10-11 22:13:00,2019-10-11 22:27:00,4,0,,,,,,,0,4.0,0,,0.0,4,,,,,,1,
52132350231,2019-10-10 14:00:00,2019-10-10 14:30:00,6,1,1.0,2019-10-10 14:30:00,2019-10-10 14:30:00,3.0,9000.0,3000.0,0,6.0,1,73.0,1.0,5,0.0,5.0,5.0,5.0,2,1,21
52134813570,2019-08-10 19:18:00,2019-08-10 19:27:00,3,0,,,,,,,0,3.0,0,,0.0,3,,,,,,1,
52138390226,2019-10-26 14:00:00,2019-10-26 14:07:00,3,0,,,,,,,0,3.0,0,,0.0,3,,,,,,1,
52146571882,2019-11-11 20:09:00,2019-11-11 20:17:00,4,1,1.0,2019-11-11 20:17:00,2019-11-11 20:17:00,3.0,150.0,50.0,0,4.0,1,40.0,1.0,3,0.0,3.0,3.0,3.0,4,1,41
52150533397,2019-04-11 18:50:00,2019-04-11 19:21:00,5,0,,,,,,,0,5.0,0,,0.0,5,,,,,,1,
52157383130,2019-01-11 10:36:00,2019-01-11 10:38:00,6,1,1.0,2019-01-11 10:38:00,2019-01-11 10:38:00,4.0,16000.0,4000.0,0,6.0,1,345.0,1.0,4,0.0,4.0,4.0,4.0,1,1,11
52157553629,2019-08-10 21:47:00,2019-08-10 21:59:00,4,0,,,,,,,0,4.0,0,,0.0,4,,,,,,1,
52159511316,2019-10-31 21:14:00,2019-10-31 21:18:00,3,1,1.0,2019-10-31 21:17:00,2019-10-31 21:17:00,1.0,25000.0,25000.0,0,3.0,1,51.0,1.0,1,0.0,1.0,1.0,1.0,3,1,31
52164385692,2019-03-11 13:32:00,2019-03-11 13:35:00,3,0,,,,,,,0,3.0,0,,0.0,3,,,,,,1,
52164722572,2019-10-24 22:00:00,2019-10-24 22:12:00,4,0,,,,,,,0,4.0,0,,0.0,4,,,,,,1,
52165465642,2019-10-11 17:12:00,2019-10-11 17:22:00,3,0,,,,,,,0,3.0,0,,0.0,3,,,,,,1,
52167489559,2019-10-16 17:00:00,2019-10-16 17:00:00,1,0,,,,,,,0,1.0,0,,0.0,1,,,,,,1,
52168468684,2019-10-24 12:20:00,2019-10-24 13:05:00,3,0,,,,,,,0,3.0,0,,0.0,3,,,,,,1,
52169959151,2019-10-17 22:00:00,2019-10-17 22:06:00,2,0,,,,,,,0,2.0,0,,0.0,2,,,,,,1,
52176580407,2019-10-24 13:08:00,2019-10-24 13:18:00,4,0,,,,,,,0,4.0,0,,0.0,4,,,,,,1,
52178524942,2019-04-11 23:05:00,2019-04-11 23:28:00,4,1,1.0,2019-04-11 23:28:00,2019-04-11 23:28:00,2.0,5000.0,2500.0,0,4.0,1,254.0,1.0,3,0.0,3.0,3.0,3.0,1,1,11
52179781847,2019-04-14 18:09:00,2019-10-29 13:28:00,12,1,1.0,2019-10-29 13:13:00,2019-10-29 13:13:00,3.0,300.0,100.0,197,0.06091370558375635,1,54.0,1.0,8,197.0,1.0,1.0,1.0,3,1,31
52183942377,2019-07-11 21:24:00,2019-07-11 21:54:00,4,1,1.0,2019-07-11 21:44:00,2019-07-11 21:44:00,1.0,12000.0,12000.0,0,4.0,1,163.0,1.0,2,0.0,2.0,2.0,2.0,2,1,21
52194023423,2019-02-11 15:14:00,2019-02-11 15:25:00,4,0,,,,,,,0,4.0,0,,0.0,4,,,,,,1,
52195562881,2019-03-11 15:15:00,2019-03-11 15:23:00,4,0,,,,,,,0,4.0,0,,0.0,4,,,,,,1,
52195970192,2019-02-10 15:23:00,2019-02-10 15:25:00,2,0,,,,,,,0,2.0,0,,0.0,2,,,,,,1,
52202013311,2019-11-10 13:00:00,2019-11-11 13:10:00,8,1,1.0,2019-11-10 13:23:00,2019-11-10 13:23:00,10.0,2000.0,200.0,1,8.0,1,42.0,1.0,5,0.0,5.0,5.0,5.0,3,1,31
52202209844,2019-10-14 19:18:00,2019-10-14 19:27:00,4,0,,,,,,,0,4.0,0,,0.0,4,,,,,,1,
52202543340,2019-03-11 14:22:00,2019-03-11 14:27:00,4,0,,,,,,,0,4.0,0,,0.0,4,,,,,,1,
52205716885,2019-04-30 23:10:00,2019-10-30 14:18:00,8,1,1.0,2019-08-05 13:38:00,2019-08-05 13:38:00,2.0,400.0,200.0,182,0.04395604395604396,1,139.0,1.0,5,96.0,1.0,1.0,1.0,2,1,21
52206085693,2019-10-17 15:23:00,2019-10-17 15:25:00,2,0,,,,,,,0,2.0,0,,0.0,2,,,,,,1,
52214454516,2019-10-26 22:58:00,2019-10-26 23:18:00,3,0,,,,,,,0,3.0,0,,0.0,3,,,,,,1,
52219601809,2019-04-11 19:36:00,2019-04-11 19:44:00,2,0,,,,,,,0,2.0,0,,0.0,2,,,,,,1,
52222290151,2019-10-22 11:23:00,2019-10-22 11:32:00,3,0,,,,,,,0,3.0,0,,0.0,3,,,,,,1,
52233328559,2019-10-17 19:00:00,2019-10-17 19:13:00,3,0,,,,,,,0,3.0,0,,0.0,3,,,,,,1,
52240234858,2019-10-19 13:10:00,2019-10-19 13:28:00,5,1,1.0,2019-10-19 13:13:00,2019-10-19 13:13:00,5.0,2500.0,500.0,0,5.0,1,64.0,1.0,1,0.0,1.0,1.0,1.0,3,1,31
52243841613,2019-01-10 10:20:00,2019-01-10 10:22:00,2,0,,,,,,,0,2.0,0,,0.0,2,,,,,,1,
52246240339,2019-02-11 15:00:00,2019-02-11 15:02:00,5,1,1.0,2019-02-11 15:02:00,2019-02-11 15:02:00,1.0,2500.0,2500.0,0,5.0,1,314.0,1.0,4,0.0,4.0,4.0,4.0,1,1,11
52257079968,2019-02-11 15:06:00,2019-02-11 15:26:00,4,0,,,,,,,0,4.0,0,,0.0,4,,,,,,1,
52260620086,2019-03-11 15:22:00,2019-03-11 15:59:00,5,0,,,,,,,0,5.0,0,,0.0,5,,,,,,1,
52263844200,2019-12-10 15:20:00,2019-12-10 15:51:00,4,0,,,,,,,0,4.0,0,,0.0,4,,,,,,1,
52270907150,2019-10-15 11:26:00,2019-10-19 11:30:00,4,0,,,,,,,4,1.0,0,,0.0,4,,,,,,1,
52272121514,2019-10-26 14:10:00,2019-10-26 14:18:00,2,0,,,,,,,0,2.0,0,,0.0,2,,,,,,1,
52274720210,2019-03-11 14:41:00,2019-03-11 14:42:00,2,0,,,,,,,0,2.0,0,,0.0,2,,,,,,1,
52284554941,2019-07-11 15:59:00,2019-07-11 16:19:00,3,0,,,,,,,0,3.0,0,,0.0,3,,,,,,1,
52298844270,2019-09-10 10:18:00,2019-09-10 10:18:00,1,0,,,,,,,0,1.0,0,,0.0,1,,,,,,1,
52304321020,2019-12-11 11:09:00,2019-12-11 11:18:00,4,1,1.0,2019-12-11 11:15:00,2019-12-11 11:15:00,1.0,2500.0,2500.0,0,4.0,1,11.0,1.0,2,0.0,2.0,2.0,2.0,4,1,41
52304977219,2019-10-15 13:10:00,2019-10-15 13:28:00,5,1,1.0,2019-10-15 13:13:00,2019-10-15 13:13:00,10.0,2000.0,200.0,0,5.0,1,68.0,1.0,1,0.0,1.0,1.0,1.0,3,1,31
52306036802,2019-10-21 21:45:00,2019-10-21 21:51:00,4,0,,,,,,,0,4.0,0,,0.0,4,,,,,,1,
52308484453,2019-11-11 16:51:00,2019-11-11 16:51:00,1,0,,,,,,,0,1.0,0,,0.0,1,,,,,,1,
52313781035,2019-10-13 19:00:00,2019-10-13 19:08:00,4,1,1.0,2019-10-13 19:08:00,2019-10-13 19:08:00,2.0,1000.0,500.0,0,4.0,1,69.0,1.0,3,0.0,3.0,3.0,3.0,3,1,31
52316857999,2019-10-31 17:25:00,2019-10-31 17:44:00,4,0,,,,,,,0,4.0,0,,0.0,4,,,,,,1,
52320144114,2019-03-11 13:23:00,2019-03-11 13:30:00,5,1,1.0,2019-03-11 13:30:00,2019-03-11 13:30:00,4.0,8000.0,2000.0,0,5.0,1,286.0,1.0,4,0.0,4.0,4.0,4.0,1,1,11
52322653716,2019-10-14 10:00:00,2019-10-19 12:18:00,9,1,1.0,2019-10-14 10:40:00,2019-10-14 10:40:00,3.0,2250.0,750.0,5,1.8,1,69.0,1.0,7,0.0,7.0,7.0,7.0,3,1,31
52328153664,2019-10-31 15:23:00,2019-10-31 15:25:00,2,0,,,,,,,0,2.0,0,,0.0,2,,,,,,1,
52331257951,2019-01-11 10:31:00,2019-01-11 10:53:00,4,0,,,,,,,0,4.0,0,,0.0,4,,,,,,1,
52331458145,2019-10-17 15:23:00,2019-12-10 19:17:00,8,1,1.0,2019-10-17 17:26:00,2019-10-17 17:26:00,2.0,2000.0,1000.0,54,0.14814814814814814,1,66.0,1.0,6,0.0,6.0,6.0,6.0,3,1,31
52335257008,2019-05-11 14:59:00,2019-05-11 16:08:00,6,1,1.0,2019-05-11 16:08:00,2019-05-11 16:08:00,2.0,2000.0,1000.0,0,6.0,1,225.0,1.0,5,0.0,5.0,5.0,5.0,1,1,11
52340757893,2019-03-10 23:15:00,2019-06-10 09:54:00,8,0,,,,,,,91,0.08791208791208792,0,,0.0,8,,,,,,1,
52340778300,2019-10-31 19:14:00,2019-10-31 19:17:00,3,1,1.0,2019-10-31 19:17:00,2019-10-31 19:17:00,2.0,5000.0,2500.0,0,3.0,1,51.0,1.0,2,0.0,2.0,2.0,2.0,3,1,31
52341868479,2019-02-11 10:45:00,2019-02-11 10:45:00,1,0,,,,,,,0,1.0,0,,0.0,1,,,,,,1,
52387379385,2019-12-11 11:21:00,2019-12-11 11:29:00,4,1,1.0,2019-12-11 11:27:00,2019-12-11 11:27:00,2.0,6000.0,3000.0,0,4.0,1,11.0,1.0,2,0.0,2.0,2.0,2.0,4,1,41
52412520196,2019-10-11 14:56:00,2019-10-11 15:11:00,4,0,,,,,,,0,4.0,0,,0.0,4,,,,,,1,
52495552005,2019-11-11 16:32:00,2019-11-11 17:01:00,4,0,,,,,,,0,4.0,0,,0.0,4,,,,,,1,
52627455489,2019-11-11 19:00:00,2019-11-11 19:12:00,5,1,1.0,2019-11-11 19:12:00,2019-11-11 19:12:00,5.0,500.0,100.0,0,5.0,1,40.0,1.0,4,0.0,4.0,4.0,4.0,4,1,41
52662975741,2019-06-11 22:25:00,2019-06-11 22:45:00,3,0,,,,,,,0,3.0,0,,0.0,3,,,,,,1,
52713090310,2019-06-11 19:18:00,2019-06-11 19:38:00,3,1,1.0,2019-06-11 19:38:00,2019-06-11 19:38:00,1.0,8000.0,8000.0,0,3.0,1,193.0,1.0,2,0.0,2.0,2.0,2.0,1,1,11
52730728074,2019-06-11 17:00:00,2019-06-11 17:39:00,5,0,,,,,,,0,5.0,0,,0.0,5,,,,,,1,
52732772360,2019-06-11 13:23:00,2019-06-11 13:53:00,4,1,1.0,2019-06-11 13:43:00,2019-06-11 13:43:00,2.0,3000.0,1500.0,0,4.0,1,194.0,1.0,2,0.0,2.0,2.0,2.0,1,1,11
52752311791,2019-08-11 22:11:00,2019-08-11 22:51:00,5,1,1.0,2019-08-11 22:41:00,2019-08-11 22:41:00,2.0,2700.0,1350.0,0,5.0,1,132.0,1.0,3,0.0,3.0,3.0,3.0,2,1,21
52758304645,2019-12-11 12:32:00,2019-12-11 12:48:00,4,0,,,,,,,0,4.0,0,,0.0,4,,,,,,1,
52766692567,2019-07-11 20:15:00,2019-07-11 20:45:00,4,0,,,,,,,0,4.0,0,,0.0,4,,,,,,1,
52769802843,2019-09-11 22:29:00,2019-09-12 22:59:00,15,1,2.0,2019-09-12 20:47:00,2019-09-12 22:59:00,13.0,3600.0,250.0,1,15.0,1,100.0,2.0,12,0.0,12.0,12.0,12.0,2,2,22
52787855576,2019-09-21 11:23:00,2019-11-10 15:10:00,11,1,1.0,2019-11-10 15:07:00,2019-11-10 15:07:00,2.0,160000.0,80000.0,50,0.22,1,42.0,1.0,9,50.0,1.0,1.0,1.0,3,1,31
52805483647,2019-08-11 19:34:00,2019-08-11 19:57:00,3,0,,,,,,,0,3.0,0,,0.0,3,,,,,,1,
52842945535,2019-08-11 18:15:00,2019-08-11 18:54:00,5,1,1.0,2019-08-11 18:54:00,2019-08-11 18:54:00,1.0,1000.0,1000.0,0,5.0,1,132.0,1.0,4,0.0,4.0,4.0,4.0,2,1,21
52847259973,2019-10-11 15:16:00,2019-10-11 15:25:00,3,0,,,,,,,0,3.0,0,,0.0,3,,,,,,1,
52861333447,2019-12-11 13:56:00,2019-12-11 14:12:00,3,0,,,,,,,0,3.0,0,,0.0,3,,,,,,1,
52904721877,2019-09-11 14:56:00,2019-09-11 15:15:00,5,1,1.0,2019-09-11 15:10:00,2019-09-11 15:10:00,1.0,1700.0,1700.0,0,5.0,1,102.0,1.0,3,0.0,3.0,3.0,3.0,2,1,21
52916607616,2019-07-11 19:46:00,2019-07-11 20:05:00,3,0,,,,,,,0,3.0,0,,0.0,3,,,,,,1,
52942481269,2019-09-11 20:30:00,2019-09-11 20:40:00,3,0,,,,,,,0,3.0,0,,0.0,3,,,,,,1,
53066213242,2019-05-11 19:06:00,2019-05-11 19:20:00,2,0,,,,,,,0,2.0,0,,0.0,2,,,,,,1,
53156872654,2019-10-11 14:17:00,2019-10-11 14:27:00,3,1,1.0,2019-10-11 14:27:00,2019-10-11 14:27:00,1.0,42000.0,42000.0,0,3.0,1,72.0,1.0,2,0.0,2.0,2.0,2.0,2,1,21
53209756433,2019-11-07 21:01:00,2019-12-07 21:52:00,18,1,2.0,2019-11-11 21:09:00,2019-12-07 21:52:00,5.0,22000.0,4250.0,30,0.6,1,14.0,2.0,11,4.0,11.0,11.0,11.0,4,2,42
53209947945,2019-05-11 18:25:00,2019-05-11 18:53:00,3,1,1.0,2019-05-11 18:53:00,2019-05-11 18:53:00,2.0,6000.0,3000.0,0,3.0,1,224.0,1.0,2,0.0,2.0,2.0,2.0,1,1,11
53277489525,2019-09-11 18:34:00,2019-09-11 18:49:00,4,0,,,,,,,0,4.0,0,,0.0,4,,,,,,1,
53285582167,2019-09-11 23:20:00,2019-09-11 23:30:00,3,0,,,,,,,0,3.0,0,,0.0,3,,,,,,1,
53299207031,2019-09-11 19:47:00,2019-09-11 20:01:00,4,1,1.0,2019-09-11 20:01:00,2019-09-11 20:01:00,2.0,1000.0,500.0,0,4.0,1,101.0,1.0,3,0.0,3.0,3.0,3.0,2,1,21
53330125074,2019-11-11 16:07:00,2019-11-11 16:38:00,5,0,,,,,,,0,5.0,0,,0.0,5,,,,,,1,
53446342803,2019-06-11 22:55:00,2019-06-11 23:34:00,5,1,1.0,2019-06-11 23:34:00,2019-06-11 23:34:00,2.0,500.0,250.0,0,5.0,1,193.0,1.0,4,0.0,4.0,4.0,4.0,1,1,11
53561530361,2019-09-11 15:20:00,2019-09-11 15:35:00,4,0,,,,,,,0,4.0,0,,0.0,4,,,,,,1,
53572384601,2019-11-11 21:54:00,2019-11-11 22:06:00,5,1,1.0,2019-11-11 22:06:00,2019-11-11 22:06:00,1.0,4500.0,4500.0,0,5.0,1,40.0,1.0,4,0.0,4.0,4.0,4.0,4,1,41
53593337921,2019-10-11 22:56:00,2019-10-11 23:01:00,2,1,1.0,2019-10-11 23:01:00,2019-10-11 23:01:00,2.0,3400.0,1700.0,0,2.0,1,71.0,1.0,1,0.0,1.0,1.0,1.0,3,1,31
53607868849,2019-07-11 12:52:00,2019-07-11 13:31:00,5,0,,,,,,,0,5.0,0,,0.0,5,,,,,,1,
53617353246,2019-11-11 16:01:00,2019-11-11 16:15:00,6,1,1.0,2019-11-11 16:15:00,2019-11-11 16:15:00,2.0,1500.0,750.0,0,6.0,1,41.0,1.0,5,0.0,5.0,5.0,5.0,4,1,41
53618233709,2019-11-11 15:01:00,2019-11-11 15:38:00,4,0,,,,,,,0,4.0,0,,0.0,4,,,,,,1,
53649822812,2019-05-08 12:12:00,2019-11-14 11:07:00,14,1,2.0,2019-05-08 13:48:00,2019-11-14 11:07:00,4.0,2700.0,850.0,189,0.07407407407407407,1,38.0,2.0,7,0.0,7.0,7.0,7.0,4,2,42
53652969521,2019-06-11 14:03:00,2019-06-11 15:02:00,7,1,1.0,2019-06-11 15:02:00,2019-06-11 15:02:00,1.0,90000.0,90000.0,0,7.0,1,194.0,1.0,6,0.0,6.0,6.0,6.0,1,1,11
53654005940,2019-09-11 17:55:00,2019-09-11 18:15:00,5,1,1.0,2019-09-11 18:15:00,2019-09-11 18:15:00,2.0,1000.0,500.0,0,5.0,1,101.0,1.0,4,0.0,4.0,4.0,4.0,2,1,21
53660108929,2019-12-11 11:52:00,2019-12-11 12:06:00,6,0,,,,,,,0,6.0,0,,0.0,6,,,,,,1,
53713888319,2019-10-11 20:55:00,2019-10-11 21:15:00,5,1,1.0,2019-10-11 21:15:00,2019-10-11 21:15:00,1.0,1650.0,1650.0,0,5.0,1,71.0,1.0,4,0.0,4.0,4.0,4.0,3,1,31
53765548956,2019-12-11 11:37:00,2019-12-11 11:52:00,4,0,,,,,,,0,4.0,0,,0.0,4,,,,,,1,
53966220604,2019-08-16 18:35:00,2019-11-10 19:33:00,14,1,2.0,2019-08-16 19:23:00,2019-11-10 19:33:00,3.0,800.0,300.0,86,0.16279069767441862,1,41.0,2.0,8,0.0,8.0,8.0,8.0,4,2,42
53988566659,2019-11-11 19:49:00,2019-11-11 19:57:00,4,0,,,,,,,0,4.0,0,,0.0,4,,,,,,1,
54068495712,2019-11-11 21:12:00,2019-11-11 21:17:00,3,1,1.0,2019-11-11 21:17:00,2019-11-11 21:17:00,1.0,1260.0,1260.0,0,3.0,1,40.0,1.0,2,0.0,2.0,2.0,2.0,4,1,41
54074421036,2019-06-11 15:12:00,2019-06-11 15:41:00,4,0,,,,,,,0,4.0,0,,0.0,4,,,,,,1,
54081180520,2019-09-11 20:06:00,2019-09-11 20:26:00,5,1,1.0,2019-09-11 20:26:00,2019-09-11 20:26:00,5.0,1250.0,250.0,0,5.0,1,101.0,1.0,4,0.0,4.0,4.0,4.0,2,1,21
54144005834,2019-10-11 19:47:00,2019-10-11 20:12:00,4,0,,,,,,,0,4.0,0,,0.0,4,,,,,,1,
54160504190,2019-06-11 19:48:00,2019-06-11 20:17:00,4,1,1.0,2019-06-11 20:07:00,2019-06-11 20:07:00,3.0,750.0,250.0,0,4.0,1,193.0,1.0,2,0.0,2.0,2.0,2.0,1,1,11
54168626875,2019-07-11 09:45:00,2019-07-11 10:04:00,4,0,,,,,,,0,4.0,0,,0.0,4,,,,,,1,
54187466030,2019-10-11 21:44:00,2019-10-11 21:53:00,3,0,,,,,,,0,3.0,0,,0.0,3,,,,,,1,
54211903284,2019-05-11 16:22:00,2019-05-11 17:03:00,4,0,,,,,,,0,4.0,0,,0.0,4,,,,,,1,
54340210344,2019-07-11 20:55:00,2019-07-11 21:14:00,3,1,1.0,2019-07-11 21:14:00,2019-07-11 21:14:00,2.0,12000.0,6000.0,0,3.0,1,163.0,1.0,2,0.0,2.0,2.0,2.0,2,1,21
54423685958,2019-09-11 17:50:00,2019-09-11 17:50:00,1,0,,,,,,,0,1.0,0,,0.0,1,,,,,,1,
54442238798,2019-10-11 17:46:00,2019-10-11 18:05:00,5,1,1.0,2019-10-11 18:01:00,2019-10-11 18:01:00,1.0,1850.0,1850.0,0,5.0,1,71.0,1.0,3,0.0,3.0,3.0,3.0,3,1,31
54447852002,2019-06-28 18:00:00,2019-10-11 22:33:00,14,1,2.0,2019-06-28 18:40:00,2019-10-11 22:33:00,7.0,3100.0,400.0,105,0.13333333333333333,1,71.0,2.0,5,0.0,5.0,5.0,5.0,3,2,32
54453581827,2019-11-11 15:14:00,2019-11-11 15:49:00,3,0,,,,,,,0,3.0,0,,0.0,3,,,,,,1,
54486301527,2019-11-11 17:04:00,2019-11-11 17:16:00,2,0,,,,,,,0,2.0,0,,0.0,2,,,,,,1,
54500871579,2019-07-11 22:04:00,2019-07-11 22:43:00,5,0,,,,,,,0,5.0,0,,0.0,5,,,,,,1,
54582586290,2019-12-11 13:06:00,2019-12-11 13:15:00,3,0,,,,,,,0,3.0,0,,0.0,3,,,,,,1,
54615021891,2019-09-11 18:53:00,2019-09-11 19:08:00,4,0,,,,,,,0,4.0,0,,0.0,4,,,,,,1,
54624656999,2019-12-11 11:32:00,2019-12-11 11:38:00,3,1,1.0,2019-12-11 11:35:00,2019-12-11 11:35:00,1.0,7500.0,7500.0,0,3.0,1,11.0,1.0,1,0.0,1.0,1.0,1.0,4,1,41
54654196217,2019-10-11 21:29:00,2019-10-11 21:39:00,3,0,,,,,,,0,3.0,0,,0.0,3,,,,,,1,
54730988908,2019-09-11 19:13:00,2019-09-11 19:23:00,3,0,,,,,,,0,3.0,0,,0.0,3,,,,,,1,
54882635771,2019-09-11 17:36:00,2019-09-11 17:46:00,3,0,,,,,,,0,3.0,0,,0.0,3,,,,,,1,
54938485256,2019-09-11 22:22:00,2019-09-11 22:32:00,3,1,1.0,2019-09-11 22:32:00,2019-09-11 22:32:00,1.0,5000.0,5000.0,0,3.0,1,101.0,1.0,2,0.0,2.0,2.0,2.0,2,1,21
54993474901,2019-08-11 17:06:00,2019-08-11 17:16:00,2,0,,,,,,,0,2.0,0,,0.0,2,,,,,,1,
55025507925,2019-11-06 21:00:00,2019-11-11 19:27:00,15,1,2.0,2019-11-06 21:47:00,2019-11-11 19:27:00,8.0,2500.0,350.0,4,3.75,1,40.0,2.0,7,0.0,7.0,7.0,7.0,4,2,42
55062609110,2019-09-11 21:04:00,2019-09-11 21:09:00,2,0,,,,,,,0,2.0,0,,0.0,2,,,,,,1,
55077041920,2019-09-11 21:33:00,2019-09-11 21:43:00,3,0,,,,,,,0,3.0,0,,0.0,3,,,,,,1,
55162718788,2019-11-11 17:38:00,2019-11-11 17:43:00,3,1,1.0,2019-11-11 17:43:00,2019-11-11 17:43:00,3.0,600.0,200.0,0,3.0,1,41.0,1.0,2,0.0,2.0,2.0,2.0,4,1,41
55237981670,2019-10-11 17:27:00,2019-10-11 17:41:00,4,1,1.0,2019-10-11 17:41:00,2019-10-11 17:41:00,2.0,1300.0,650.0,0,4.0,1,72.0,1.0,3,0.0,3.0,3.0,3.0,2,1,21
55343474855,2019-02-23 20:36:00,2019-09-11 17:31:00,13,1,2.0,2019-02-23 20:50:00,2019-09-11 17:31:00,3.0,10900.0,5225.0,199,0.06532663316582915,1,102.0,2.0,4,0.0,4.0,4.0,4.0,2,2,22
55349718167,2019-07-19 13:00:00,2019-11-11 19:46:00,8,1,1.0,2019-07-19 13:25:00,2019-07-19 13:25:00,6.0,300.0,50.0,115,0.06956521739130435,1,156.0,1.0,4,0.0,4.0,4.0,4.0,2,1,21
55387472465,2019-09-11 16:52:00,2019-09-11 17:16:00,6,0,,,,,,,0,6.0,0,,0.0,6,,,,,,1,
55465583280,2019-12-11 10:49:00,2019-12-11 10:52:00,2,0,,,,,,,0,2.0,0,,0.0,2,,,,,,1,
55477444723,2019-06-11 20:56:00,2019-06-11 21:36:00,5,1,1.0,2019-06-11 21:36:00,2019-06-11 21:36:00,5.0,500.0,100.0,0,5.0,1,193.0,1.0,4,0.0,4.0,4.0,4.0,1,1,11
55488853063,2019-03-17 11:23:00,2019-12-11 10:47:00,10,1,1.0,2019-03-17 11:50:00,2019-03-17 11:50:00,5.0,1000.0,200.0,268,0.03731343283582089,1,280.0,1.0,5,0.0,5.0,5.0,5.0,1,1,11
55538327311,2019-11-11 13:50:00,2019-11-11 14:01:00,5,1,1.0,2019-11-11 14:01:00,2019-11-11 14:01:00,1.0,18000.0,18000.0,0,5.0,1,41.0,1.0,4,0.0,4.0,4.0,4.0,4,1,41
55616110021,2019-11-11 15:52:00,2019-11-11 15:58:00,3,0,,,,,,,0,3.0,0,,0.0,3,,,,,,1,
55660418761,2019-08-16 21:19:00,2019-11-11 22:53:00,14,1,1.0,2019-08-16 21:19:00,2019-08-16 21:19:00,1.0,7000.0,7000.0,87,0.16091954022988506,1,127.0,1.0,0,0.0,0.0,0.0,0.0,2,1,21
55710086111,2019-08-11 20:43:00,2019-08-11 21:32:00,6,0,,,,,,,0,6.0,0,,0.0,6,,,,,,1,
55747248896,2019-12-11 12:09:00,2019-12-11 12:18:00,4,0,,,,,,,0,4.0,0,,0.0,4,,,,,,1,
55795626852,2019-11-11 18:23:00,2019-11-11 18:32:00,4,1,1.0,2019-11-11 18:32:00,2019-11-11 18:32:00,1.0,1270.0,1270.0,0,4.0,1,40.0,1.0,3,0.0,3.0,3.0,3.0,4,1,41
55817701891,2019-09-11 23:54:00,2019-11-30 21:10:00,6,1,1.0,2019-11-21 10:10:00,2019-11-21 10:10:00,1.0,85000.0,85000.0,79,0.0759493670886076,1,31.0,1.0,4,70.0,2.0,2.0,2.0,4,1,41
55869541278,2019-11-11 13:41:00,2019-11-11 13:47:00,3,0,,,,,,,0,3.0,0,,0.0,3,,,,,,1,
55896688295,2019-11-11 21:20:00,2019-11-11 21:29:00,4,0,,,,,,,0,4.0,0,,0.0,4,,,,,,1,
56016671367,2019-09-11 15:54:00,2019-09-11 16:13:00,5,1,1.0,2019-09-11 16:09:00,2019-09-11 16:09:00,2.0,10000.0,5000.0,0,5.0,1,102.0,1.0,3,0.0,3.0,3.0,3.0,2,1,21
56083673821,2019-12-11 13:15:00,2019-12-11 13:21:00,3,0,,,,,,,0,3.0,0,,0.0,3,,,,,,1,
56181373546,2019-10-11 23:06:00,2019-10-11 23:25:00,5,1,1.0,2019-10-11 23:25:00,2019-10-11 23:25:00,1.0,2000.0,2000.0,0,5.0,1,71.0,1.0,4,0.0,4.0,4.0,4.0,3,1,31
56286709029,2019-07-11 16:29:00,2019-07-11 17:08:00,5,0,,,,,,,0,5.0,0,,0.0,5,,,,,,1,
56295462878,2019-05-20 17:33:00,2019-11-11 21:26:00,14,1,2.0,2019-05-20 17:39:00,2019-11-11 21:26:00,5.0,30450.0,7575.0,175,0.08,1,40.0,2.0,1,0.0,1.0,1.0,1.0,4,2,42
56348505101,2019-10-11 18:54:00,2019-10-11 19:08:00,4,1,1.0,2019-10-11 19:08:00,2019-10-11 19:08:00,1.0,45000.0,45000.0,0,4.0,1,71.0,1.0,3,0.0,3.0,3.0,3.0,3,1,31
56478374077,2019-05-11 20:29:00,2019-05-11 20:56:00,3,0,,,,,,,0,3.0,0,,0.0,3,,,,,,1,
56567774661,2019-07-11 13:41:00,2019-07-11 14:01:00,3,0,,,,,,,0,3.0,0,,0.0,3,,,,,,1,
56616688747,2019-10-11 18:10:00,2019-10-11 18:25:00,4,0,,,,,,,0,4.0,0,,0.0,4,,,,,,1,
56649710141,2019-11-11 17:08:00,2019-11-11 18:55:00,3,0,,,,,,,0,3.0,0,,0.0,3,,,,,,1,
56734081898,2019-07-11 17:18:00,2019-07-11 17:47:00,4,1,1.0,2019-07-11 17:47:00,2019-07-11 17:47:00,2.0,2000.0,1000.0,0,4.0,1,164.0,1.0,3,0.0,3.0,3.0,3.0,2,1,21
56802499312,2019-07-11 11:43:00,2019-07-11 12:03:00,3,0,,,,,,,0,3.0,0,,0.0,3,,,,,,1,
56924254686,2019-11-11 19:05:00,2019-11-11 19:36:00,4,0,,,,,,,0,4.0,0,,0.0,4,,,,,,1,
56928439873,2019-12-11 14:15:00,2019-12-11 14:29:00,3,0,,,,,,,0,3.0,0,,0.0,3,,,,,,1,
56983984268,2019-09-11 22:56:00,2019-09-11 23:15:00,5,0,,,,,,,0,5.0,0,,0.0,5,,,,,,1,
57094169981,2019-08-11 15:08:00,2019-08-11 15:37:00,4,0,,,,,,,0,4.0,0,,0.0,4,,,,,,1,
57112276695,2019-07-11 12:13:00,2019-07-11 12:42:00,4,0,,,,,,,0,4.0,0,,0.0,4,,,,,,1,
57121677041,2019-11-11 17:09:00,2019-11-11 17:15:00,3,1,1.0,2019-11-11 17:12:00,2019-11-11 17:12:00,1.0,450.0,450.0,0,3.0,1,41.0,1.0,1,0.0,1.0,1.0,1.0,4,1,41
57169113404,2019-08-11 14:38:00,2019-08-11 14:58:00,3,0,,,,,,,0,3.0,0,,0.0,3,,,,,,1,
57181419152,2019-08-11 20:03:00,2019-08-11 20:33:00,4,1,1.0,2019-08-11 20:23:00,2019-08-11 20:23:00,1.0,2500.0,2500.0,0,4.0,1,132.0,1.0,2,0.0,2.0,2.0,2.0,2,1,21
57190679381,2019-06-11 18:39:00,2019-06-11 19:08:00,4,0,,,,,,,0,4.0,0,,0.0,4,,,,,,1,
57253954514,2019-12-11 13:55:00,2019-12-11 14:03:00,4,1,1.0,2019-12-11 14:00:00,2019-12-11 14:00:00,1.0,1250.0,1250.0,0,4.0,1,11.0,1.0,2,0.0,2.0,2.0,2.0,4,1,41
57297515705,2019-06-11 16:31:00,2019-06-11 16:50:00,3,1,1.0,2019-06-11 16:40:00,2019-06-11 16:40:00,2.0,9000.0,4500.0,0,3.0,1,194.0,1.0,1,0.0,1.0,1.0,1.0,1,1,11
57305722252,2019-10-11 13:58:00,2019-10-11 14:13:00,4,0,,,,,,,0,4.0,0,,0.0,4,,,,,,1,
57314161118,2019-01-10 14:00:00,2019-01-10 14:12:00,3,0,,,,,,,0,3.0,0,,0.0,3,,,,,,1,
57326081828,2019-05-11 21:10:00,2019-05-11 22:18:00,6,1,1.0,2019-05-11 22:18:00,2019-05-11 22:18:00,1.0,16000.0,16000.0,0,6.0,1,224.0,1.0,5,0.0,5.0,5.0,5.0,1,1,11
57342441069,2019-11-11 14:04:00,2019-11-11 14:10:00,3,1,1.0,2019-11-11 14:10:00,2019-11-11 14:10:00,1.0,13500.0,13500.0,0,3.0,1,41.0,1.0,2,0.0,2.0,2.0,2.0,4,1,41
57354053843,2019-10-11 15:59:00,2019-10-11 16:14:00,4,0,,,,,,,0,4.0,0,,0.0,4,,,,,,1,
57467662502,2019-10-11 19:13:00,2019-10-11 19:28:00,4,0,,,,,,,0,4.0,0,,0.0,4,,,,,,1,
57500609913,2019-09-11 21:48:00,2019-09-11 22:17:00,7,1,1.0,2019-09-11 22:17:00,2019-09-11 22:17:00,1.0,50000.0,50000.0,0,7.0,1,101.0,1.0,6,0.0,6.0,6.0,6.0,2,1,21
57507062720,2019-10-11 20:07:00,2019-10-11 20:21:00,4,0,,,,,,,0,4.0,0,,0.0,4,,,,,,1,
57510470450,2019-05-11 19:34:00,2019-05-11 20:15:00,4,0,,,,,,,0,4.0,0,,0.0,4,,,,,,1,
57515591429,2019-10-11 16:53:00,2019-10-11 17:07:00,4,0,,,,,,,0,4.0,0,,0.0,4,,,,,,1,
57574752442,2019-07-11 10:54:00,2019-07-11 11:33:00,5,1,1.0,2019-07-11 11:33:00,2019-07-11 11:33:00,1.0,7500.0,7500.0,0,5.0,1,164.0,1.0,4,0.0,4.0,4.0,4.0,2,1,21
57734683925,2019-06-11 18:19:00,2019-06-11 18:29:00,2,0,,,,,,,0,2.0,0,,0.0,2,,,,,,1,
57767840151,2019-10-09 21:30:00,2019-11-15 20:23:00,17,1,2.0,2019-10-09 21:53:00,2019-11-15 20:23:00,101.0,7000.0,3005.0,36,0.4722222222222222,1,36.0,2.0,5,0.0,5.0,5.0,5.0,4,2,42
57828063559,2019-12-11 10:30:00,2019-12-11 10:50:00,9,1,1.0,2019-12-11 10:45:00,2019-12-11 10:45:00,2.0,2000.0,1000.0,0,9.0,1,11.0,1.0,7,0.0,7.0,7.0,7.0,4,1,41
57841579837,2019-11-11 14:41:00,2019-11-11 14:55:00,4,0,,,,,,,0,4.0,0,,0.0,4,,,,,,1,
57851680477,2019-12-11 12:21:00,2019-12-22 08:22:00,14,1,2.0,2019-12-11 12:29:00,2019-12-22 08:22:00,4.0,1700.0,425.0,10,1.4,1,0.0,2.0,4,0.0,4.0,4.0,4.0,4,2,42
57915402788,2019-10-11 20:26:00,2019-10-11 20:50:00,6,1,1.0,2019-10-11 20:45:00,2019-10-11 20:45:00,3.0,750.0,250.0,0,6.0,1,71.0,1.0,4,0.0,4.0,4.0,4.0,3,1,31
57924356302,2019-11-11 17:39:00,2019-11-11 17:55:00,3,0,,,,,,,0,3.0,0,,0.0,3,,,,,,1,
57977891632,2019-06-11 15:51:00,2019-06-11 16:21:00,4,0,,,,,,,0,4.0,0,,0.0,4,,,,,,1,
58023540073,2019-12-11 10:55:00,2019-12-11 11:07:00,5,0,,,,,,,0,5.0,0,,0.0,5,,,,,,1,
58041962869,2019-10-11 21:19:00,2019-10-11 21:24:00,2,0,,,,,,,0,2.0,0,,0.0,2,,,,,,1,
58055328154,2019-11-11 18:40:00,2019-11-11 18:49:00,4,1,1.0,2019-11-11 18:49:00,2019-11-11 18:49:00,2.0,700.0,350.0,0,4.0,1,40.0,1.0,3,0.0,3.0,3.0,3.0,4,1,41
58078346967,2019-11-11 14:13:00,2019-11-11 14:29:00,5,0,,,,,,,0,5.0,0,,0.0,5,,,,,,1,
58113870922,2019-03-20 21:26:00,2019-11-11 15:18:00,20,1,1.0,2019-03-20 21:42:00,2019-03-20 21:42:00,8.0,9600.0,1200.0,235,0.0851063829787234,1,276.0,1.0,3,0.0,3.0,3.0,3.0,1,1,11
58167424097,2019-09-11 15:39:00,2019-09-11 15:49:00,3,0,,,,,,,0,3.0,0,,0.0,3,,,,,,1,
58205190439,2019-09-11 16:33:00,2019-09-11 16:47:00,4,0,,,,,,,0,4.0,0,,0.0,4,,,,,,1,
58231974593,2019-06-11 17:49:00,2019-06-11 18:09:00,3,0,,,,,,,0,3.0,0,,0.0,3,,,,,,1,
58419603319,2019-08-11 21:48:00,2019-08-11 22:10:00,3,0,,,,,,,0,3.0,0,,0.0,3,,,,,,1,
58481913506,2019-04-19 21:00:00,2019-10-11 10:15:00,20,1,2.0,2019-04-21 15:24:01,2019-10-11 10:15:00,11.0,65500.0,32525.0,174,0.11494252873563218,1,72.0,2.0,9,1.0,9.0,9.0,9.0,2,2,22
58543869433,2019-10-11 19:33:00,2019-10-11 19:33:00,1,0,,,,,,,0,1.0,0,,0.0,1,,,,,,1,
58559504289,2019-11-11 14:27:00,2019-11-11 14:38:00,5,1,1.0,2019-11-11 14:38:00,2019-11-11 14:38:00,1.0,6500.0,6500.0,0,5.0,1,41.0,1.0,4,0.0,4.0,4.0,4.0,4,1,41
58624247783,2019-05-11 17:17:00,2019-05-11 18:11:00,5,0,,,,,,,0,5.0,0,,0.0,5,,,,,,1,
58641715978,2019-11-11 10:15:00,2019-11-11 10:25:00,3,0,,,,,,,0,3.0,0,,0.0,3,,,,,,1,
58653489700,2019-11-11 17:46:00,2019-11-11 17:58:00,5,1,1.0,2019-11-11 17:55:00,2019-11-11 17:55:00,1.0,250.0,250.0,0,5.0,1,40.0,1.0,3,0.0,3.0,3.0,3.0,4,1,41
58696564595,2019-10-11 18:30:00,2019-10-11 18:49:00,5,0,,,,,,,0,5.0,0,,0.0,5,,,,,,1,
58749258284,2019-11-11 19:26:00,2019-11-11 19:37:00,5,1,1.0,2019-11-11 19:37:00,2019-11-11 19:37:00,1.0,35000.0,35000.0,0,5.0,1,40.0,1.0,4,0.0,4.0,4.0,4.0,4,1,41
58804323694,2019-09-11 18:19:00,2019-09-11 18:29:00,3,0,,,,,,,0,3.0,0,,0.0,3,,,,,,1,
58835668300,2019-11-11 20:00:00,2019-11-11 20:06:00,3,0,,,,,,,0,3.0,0,,0.0,3,,,,,,1,
58974674178,2019-08-11 16:27:00,2019-08-11 16:56:00,4,1,1.0,2019-08-11 16:46:00,2019-08-11 16:46:00,2.0,2000.0,1000.0,0,4.0,1,133.0,1.0,2,0.0,2.0,2.0,2.0,2,1,21
59036800133,2019-09-11 14:41:00,2019-09-11 14:51:00,3,0,,,,,,,0,3.0,0,,0.0,3,,,,,,1,
59075844984,2019-10-11 16:19:00,2019-10-11 16:28:00,3,0,,,,,,,0,3.0,0,,0.0,3,,,,,,1,
59151802235,2019-05-11 22:32:00,2019-05-11 22:59:00,3,0,,,,,,,0,3.0,0,,0.0,3,,,,,,1,
59221776934,2019-08-10 17:00:00,2019-08-10 17:00:00,1,0,,,,,,,0,1.0,0,,0.0,1,,,,,,1,
59226278379,2019-12-11 12:51:00,2019-12-11 13:07:00,4,0,,,,,,,0,4.0,0,,0.0,4,,,,,,1,
59258988756,2019-09-11 16:18:00,2019-09-11 16:28:00,3,0,,,,,,,0,3.0,0,,0.0,3,,,,,,1,
59270627446,2019-11-11 16:44:00,2019-11-11 16:49:00,3,1,1.0,2019-11-11 16:46:00,2019-11-11 16:46:00,1.0,350.0,350.0,0,3.0,1,41.0,1.0,1,0.0,1.0,1.0,1.0,4,1,41
59275285732,2019-10-11 22:32:00,2019-10-11 22:52:00,5,1,1.0,2019-10-11 22:52:00,2019-10-11 22:52:00,1.0,30000.0,30000.0,0,5.0,1,71.0,1.0,4,0.0,4.0,4.0,4.0,3,1,31
59294392552,2019-11-11 17:08:00,2019-11-11 17:32:00,4,0,,,,,,,0,4.0,0,,0.0,4,,,,,,1,
59385289168,2019-10-11 19:38:00,2019-10-11 19:42:00,2,0,,,,,,,0,2.0,0,,0.0,2,,,,,,1,
59397379139,2019-11-11 20:46:00,2019-11-11 20:54:00,4,0,,,,,,,0,4.0,0,,0.0,4,,,,,,1,
59497643754,2019-08-11 15:47:00,2019-08-11 16:18:00,4,0,,,,,,,0,4.0,0,,0.0,4,,,,,,1,
59526755891,2019-12-11 13:23:00,2019-12-11 13:40:00,7,1,1.0,2019-12-11 13:38:00,2019-12-11 13:38:00,2.0,1500.0,750.0,0,7.0,1,11.0,1.0,5,0.0,5.0,5.0,5.0,4,1,41
59533420690,2019-10-11 13:43:00,2019-10-11 14:17:00,14,1,2.0,2019-10-11 14:03:00,2019-10-11 14:17:00,7.0,2900.0,1075.0,0,14.0,1,72.0,2.0,8,0.0,8.0,8.0,8.0,2,2,22
59589745593,2019-12-11 14:23:00,2019-12-11 14:29:00,4,1,1.0,2019-12-11 14:29:00,2019-12-11 14:29:00,2.0,3000.0,1500.0,0,4.0,1,11.0,1.0,3,0.0,3.0,3.0,3.0,4,1,41
59602347302,2019-11-11 16:18:00,2019-11-11 16:24:00,3,0,,,,,,,0,3.0,0,,0.0,3,,,,,,1,
59620715420,2019-07-11 14:11:00,2019-07-11 14:11:00,1,0,,,,,,,0,1.0,0,,0.0,1,,,,,,1,
59629862188,2019-07-11 14:21:00,2019-07-11 15:00:00,5,1,1.0,2019-07-11 15:00:00,2019-07-11 15:00:00,2.0,5200.0,2600.0,0,5.0,1,164.0,1.0,4,0.0,4.0,4.0,4.0,2,1,21
59679735028,2019-11-11 15:21:00,2019-11-11 15:30:00,4,0,,,,,,,0,4.0,0,,0.0,4,,,,,,1,
59713929100,2019-07-11 10:14:00,2019-07-11 10:44:00,4,1,1.0,2019-07-11 10:44:00,2019-07-11 10:44:00,1.0,6000.0,6000.0,0,4.0,1,164.0,1.0,3,0.0,3.0,3.0,3.0,2,1,21
59718871437,2019-09-11 23:35:00,2019-09-11 23:49:00,4,0,,,,,,,0,4.0,0,,0.0,4,,,,,,1,
59737632719,2019-10-11 14:32:00,2019-10-11 14:51:00,5,1,1.0,2019-10-11 14:47:00,2019-10-11 14:47:00,1.0,35000.0,35000.0,0,5.0,1,72.0,1.0,3,0.0,3.0,3.0,3.0,2,1,21
59749394572,2019-06-11 21:46:00,2019-06-11 22:15:00,4,0,,,,,,,0,4.0,0,,0.0,4,,,,,,1,
59805523162,2019-09-11 20:45:00,2019-09-11 21:00:00,4,0,,,,,,,0,4.0,0,,0.0,4,,,,,,1,
59839573750,2019-09-11 21:14:00,2019-09-11 21:29:00,4,1,1.0,2019-09-11 21:24:00,2019-09-11 21:24:00,2.0,1200.0,600.0,0,4.0,1,101.0,1.0,2,0.0,2.0,2.0,2.0,2,1,21
59851958430,2019-06-11 20:27:00,2019-06-11 20:47:00,3,0,,,,,,,0,3.0,0,,0.0,3,,,,,,1,
59916849754,2019-09-11 19:27:00,2019-09-11 19:42:00,4,1,1.0,2019-09-11 19:42:00,2019-09-11 19:42:00,3.0,3000.0,1000.0,0,4.0,1,101.0,1.0,3,0.0,3.0,3.0,3.0,2,1,21
59962589107,2019-07-11 23:22:00,2019-07-11 23:42:00,3,0,,,,,,,0,3.0,0,,0.0,3,,,,,,1,
60008348367,2019-10-11 15:30:00,2019-10-11 15:45:00,4,0,,,,,,,0,4.0,0,,0.0,4,,,,,,1,
60029406377,2019-07-11 22:53:00,2019-07-11 23:12:00,3,1,1.0,2019-07-11 23:03:00,2019-07-11 23:03:00,2.0,3000.0,1500.0,0,3.0,1,163.0,1.0,1,0.0,1.0,1.0,1.0,2,1,21
60034334067,2019-11-11 21:43:00,2019-11-11 21:51:00,4,1,1.0,2019-11-11 21:51:00,2019-11-11 21:51:00,1.0,35000.0,35000.0,0,4.0,1,40.0,1.0,3,0.0,3.0,3.0,3.0,4,1,41
60089394505,2019-11-11 20:20:00,2019-11-11 20:34:00,6,1,1.0,2019-11-11 20:32:00,2019-11-11 20:32:00,1.0,13000.0,13000.0,0,6.0,1,40.0,1.0,4,0.0,4.0,4.0,4.0,4,1,41
60195726556,2019-11-11 21:21:00,2019-11-11 21:40:00,4,0,,,,,,,0,4.0,0,,0.0,4,,,,,,1,
60238282834,2019-07-21 13:00:00,2019-12-11 13:52:00,18,1,3.0,2019-07-21 14:46:00,2019-12-11 13:49:00,5.0,3700.0,800.0,143,0.1258741258741259,1,11.0,3.0,9,0.0,9.0,9.0,9.0,4,2,42
60282325526,2019-08-11 19:04:00,2019-08-11 19:28:00,3,0,,,,,,,0,3.0,0,,0.0,3,,,,,,1,
60300257008,2019-08-11 17:26:00,2019-08-11 18:05:00,5,0,,,,,,,0,5.0,0,,0.0,5,,,,,,1,
60302643179,2019-07-13 13:04:00,2019-11-11 19:37:00,18,1,2.0,2019-07-18 21:06:00,2019-11-11 19:37:00,2.0,4300.0,2150.0,121,0.1487603305785124,1,40.0,2.0,6,5.0,6.0,6.0,6.0,4,2,42
